{
    "Beta Loss": 0.009325076378501983,
    "Yawrate Loss": 0.027724766109395085,
    "loss": 0.03704984248789707
}