{
    "Beta Loss": 0.007421423158088107,
    "Yawrate Loss": 0.014920848139973868,
    "loss": 0.02234227129806197
}